,Date,Type,Dead,Injured,Location,Details,Perpetrator,Part of
0,"<td><span data-sort-value=""000000001900-07-29-0000"" style=""white-space:nowrap"">July 29, 1900</span>
</td>","<td>Assassination
</td>","<td>1
</td>","<td>0
</td>","<td><span class=""flagicon""><a href=""/wiki/Italy"" title=""Italy""><img alt=""Italy"" class=""thumbborder"" data-file-height=""1000"" data-file-width=""1500"" decoding=""async"" height=""15"" src=""//upload.wikimedia.org/wikipedia/en/thumb/0/03/Flag_of_Italy.svg/23px-Flag_of_Italy.svg.png"" srcset=""//upload.wikimedia.org/wikipedia/en/thumb/0/03/Flag_of_Italy.svg/35px-Flag_of_Italy.svg.png 1.5x, //upload.wikimedia.org/wikipedia/en/thumb/0/03/Flag_of_Italy.svg/45px-Flag_of_Italy.svg.png 2x"" width=""23""/></a></span> <a href=""/wiki/Monza"" title=""Monza"">Monza</a>, <a href=""/wiki/Italy"" title=""Italy"">Italy</a>
</td>","<td>Gaetano Bresci, an <a href=""/wiki/Italian_Americans"" title=""Italian Americans"">Italian-American</a> Anarchist, assassinated <a href=""/wiki/Umberto_I_of_Italy"" title=""Umberto I of Italy"">Umberto I of Italy</a>
</td>","<td><a href=""/wiki/Gaetano_Bresci"" title=""Gaetano Bresci"">Gaetano Bresci</a>
</td>","<td>
</td>"
1,"<td><span data-sort-value=""000000001902-04-15-0000"" style=""white-space:nowrap"">April 15, 1902</span>
</td>","<td>Assassination
</td>","<td>1
</td>","<td>0
</td>","<td><span class=""flagicon""><a href=""/wiki/Russian_Empire"" title=""Russian Empire""><img alt=""Russian Empire"" class=""thumbborder"" data-file-height=""600"" data-file-width=""900"" decoding=""async"" height=""15"" src=""//upload.wikimedia.org/wikipedia/commons/thumb/f/f3/Flag_of_Russia.svg/23px-Flag_of_Russia.svg.png"" srcset=""//upload.wikimedia.org/wikipedia/commons/thumb/f/f3/Flag_of_Russia.svg/35px-Flag_of_Russia.svg.png 1.5x, //upload.wikimedia.org/wikipedia/commons/thumb/f/f3/Flag_of_Russia.svg/45px-Flag_of_Russia.svg.png 2x"" width=""23""/></a></span> <a class=""mw-redirect"" href=""/wiki/St.Petersburg"" title=""St.Petersburg"">St.Petersburg</a>, <a href=""/wiki/Russia"" title=""Russia"">Russia</a>
</td>","<td>Minister of the Interior <a href=""/wiki/Dmitry_Sipyagin"" title=""Dmitry Sipyagin"">Dmitry Sipyagin</a> was assassinated in the <a href=""/wiki/Mariinsky_Theatre"" title=""Mariinsky Theatre"">Marinsky Theatre</a>.
</td>","<td><a href=""/wiki/Stepan_Balmashov"" title=""Stepan Balmashov"">Stepan Balmashov</a>
</td>","<td>
</td>"
2,"<td><span data-sort-value=""000000001903-04-28-0000"" style=""white-space:nowrap"">April 28, 1903</span> - 1 May 1903
</td>","<td>Bombings
</td>","<td>0 (+4)
</td>","<td>
</td>","<td><span class=""flagicon""><a href=""/wiki/Ottoman_Empire"" title=""Ottoman Empire""><img alt=""Ottoman Empire"" class=""thumbborder"" data-file-height=""800"" data-file-width=""1200"" decoding=""async"" height=""15"" src=""//upload.wikimedia.org/wikipedia/commons/thumb/8/8e/Flag_of_the_Ottoman_Empire_%281844%E2%80%931922%29.svg/23px-Flag_of_the_Ottoman_Empire_%281844%E2%80%931922%29.svg.png"" srcset=""//upload.wikimedia.org/wikipedia/commons/thumb/8/8e/Flag_of_the_Ottoman_Empire_%281844%E2%80%931922%29.svg/35px-Flag_of_the_Ottoman_Empire_%281844%E2%80%931922%29.svg.png 1.5x, //upload.wikimedia.org/wikipedia/commons/thumb/8/8e/Flag_of_the_Ottoman_Empire_%281844%E2%80%931922%29.svg/45px-Flag_of_the_Ottoman_Empire_%281844%E2%80%931922%29.svg.png 2x"" width=""23""/></a></span> <a href=""/wiki/Thessaloniki"" title=""Thessaloniki"">Thessaloniki</a>, <a href=""/wiki/Ottoman_Empire"" title=""Ottoman Empire"">Ottoman Empire</a>
</td>","<td>Members of the <a href=""/wiki/Boatmen_of_Thessaloniki"" title=""Boatmen of Thessaloniki"">Boatmen of Thessaloníki</a>, a <a href=""/wiki/Principality_of_Bulgaria"" title=""Principality of Bulgaria"">Bulgarian</a> <a href=""/wiki/Anarchism"" title=""Anarchism"">anarchist</a> group, carried out a series of bombings in <a href=""/wiki/Thessaloniki"" title=""Thessaloniki"">Thessaloniki</a>
</td>","<td><a class=""mw-redirect"" href=""/wiki/Boatmen_of_Thessalon%C3%ADki"" title=""Boatmen of Thessaloníki"">Boatmen of Thessaloníki</a>
</td>","<td>
</td>"
3,"<td><span data-sort-value=""000000001904-05-18-0000"" style=""white-space:nowrap"">May 18, 1904</span>
</td>","<td>Kidnapping
</td>","<td>0
</td>","<td>2 kidnapped
</td>","<td><span class=""flagicon""><a href=""/wiki/Morocco"" title=""Morocco""><img alt=""Morocco"" class=""thumbborder"" data-file-height=""600"" data-file-width=""900"" decoding=""async"" height=""15"" src=""//upload.wikimedia.org/wikipedia/commons/thumb/2/2c/Flag_of_Morocco.svg/23px-Flag_of_Morocco.svg.png"" srcset=""//upload.wikimedia.org/wikipedia/commons/thumb/2/2c/Flag_of_Morocco.svg/35px-Flag_of_Morocco.svg.png 1.5x, //upload.wikimedia.org/wikipedia/commons/thumb/2/2c/Flag_of_Morocco.svg/45px-Flag_of_Morocco.svg.png 2x"" width=""23""/></a></span> <a href=""/wiki/Morocco"" title=""Morocco"">Morocco</a>
</td>","<td><a class=""mw-redirect"" href=""/wiki/Ion_Perdicaris"" title=""Ion Perdicaris"">Ion Perdicaris</a> and <a href=""/wiki/C._F._Varley"" title=""C. F. Varley"">Cromwell Varley</a> were <a href=""/wiki/Kidnapping"" title=""Kidnapping"">kidnapped</a> and held for ransom by <a class=""mw-redirect"" href=""/wiki/Bandit"" title=""Bandit"">bandit</a> <a class=""mw-redirect"" href=""/wiki/Mulai_Ahmed_er_Raisuli"" title=""Mulai Ahmed er Raisuli"">Mulai Ahmed er Raisuli</a> in Morocco.<sup class=""reference"" id=""cite_ref-6""><a href=""#cite_note-6"">[6]</a></sup>
</td>","<td><a class=""mw-redirect"" href=""/wiki/Mulai_Ahmed_er_Raisuli"" title=""Mulai Ahmed er Raisuli"">Mulai Ahmed er Raisuli</a>
</td>","<td>
</td>"
4,"<td><span data-sort-value=""000000001905-02-15-0000"" style=""white-space:nowrap"">February 15, 1905</span>
</td>","<td>Bombing
</td>","<td>2
</td>","<td>1+
</td>","<td><span class=""flagicon""><a href=""/wiki/Russian_Empire"" title=""Russian Empire""><img alt=""Russian Empire"" class=""thumbborder"" data-file-height=""600"" data-file-width=""900"" decoding=""async"" height=""15"" src=""//upload.wikimedia.org/wikipedia/commons/thumb/f/f3/Flag_of_Russia.svg/23px-Flag_of_Russia.svg.png"" srcset=""//upload.wikimedia.org/wikipedia/commons/thumb/f/f3/Flag_of_Russia.svg/35px-Flag_of_Russia.svg.png 1.5x, //upload.wikimedia.org/wikipedia/commons/thumb/f/f3/Flag_of_Russia.svg/45px-Flag_of_Russia.svg.png 2x"" width=""23""/></a></span> <a href=""/wiki/Russia"" title=""Russia"">Russia</a>
</td>","<td>Assassination of <a href=""/wiki/Grand_Duke_Sergei_Alexandrovich_of_Russia"" title=""Grand Duke Sergei Alexandrovich of Russia"">Grand Duke Serge Alexandrovich Romanov</a> by Socialist-revolutionaries. His coach driver Andrei Rudinkin was also killed.
</td>","<td><a href=""/wiki/Ivan_Kalyayev"" title=""Ivan Kalyayev"">Ivan Kalyayev</a>
</td>","<td>
</td>"
5,"<td><span data-sort-value=""000000001905-07-21-0000"" style=""white-space:nowrap"">July 21, 1905</span>
</td>","<td>Bombing
</td>","<td>26
</td>","<td>58
</td>","<td><span class=""flagicon""><a href=""/wiki/Ottoman_Empire"" title=""Ottoman Empire""><img alt=""Ottoman Empire"" class=""thumbborder"" data-file-height=""800"" data-file-width=""1200"" decoding=""async"" height=""15"" src=""//upload.wikimedia.org/wikipedia/commons/thumb/8/8e/Flag_of_the_Ottoman_Empire_%281844%E2%80%931922%29.svg/23px-Flag_of_the_Ottoman_Empire_%281844%E2%80%931922%29.svg.png"" srcset=""//upload.wikimedia.org/wikipedia/commons/thumb/8/8e/Flag_of_the_Ottoman_Empire_%281844%E2%80%931922%29.svg/35px-Flag_of_the_Ottoman_Empire_%281844%E2%80%931922%29.svg.png 1.5x, //upload.wikimedia.org/wikipedia/commons/thumb/8/8e/Flag_of_the_Ottoman_Empire_%281844%E2%80%931922%29.svg/45px-Flag_of_the_Ottoman_Empire_%281844%E2%80%931922%29.svg.png 2x"" width=""23""/></a></span><a href=""/wiki/Ottoman_Empire"" title=""Ottoman Empire"">Ottoman Empire</a>
</td>","<td><a href=""/wiki/Y%C4%B1ld%C4%B1z_assassination_attempt"" title=""Yıldız assassination attempt"">Yıldız assassination attempt</a>: Attempted assassination targeting <a href=""/wiki/Abdul_Hamid_II"" title=""Abdul Hamid II"">Abdul Hamid II</a> of Ottoman Empire<br/>
</td>","<td><a href=""/wiki/Armenian_Revolutionary_Federation"" title=""Armenian Revolutionary Federation"">Armenian Revolutionary Federation</a>
</td>","<td>
</td>"
6,"<td><span data-sort-value=""000000001906-05-31-0000"" style=""white-space:nowrap"">May 31, 1906</span>
</td>","<td>Bombing
</td>","<td>24
</td>","<td>Several
</td>","<td><span class=""flagicon""><a href=""/wiki/Spain"" title=""Spain""><img alt=""Spain"" class=""thumbborder"" data-file-height=""500"" data-file-width=""750"" decoding=""async"" height=""15"" src=""//upload.wikimedia.org/wikipedia/en/thumb/9/9a/Flag_of_Spain.svg/23px-Flag_of_Spain.svg.png"" srcset=""//upload.wikimedia.org/wikipedia/en/thumb/9/9a/Flag_of_Spain.svg/35px-Flag_of_Spain.svg.png 1.5x, //upload.wikimedia.org/wikipedia/en/thumb/9/9a/Flag_of_Spain.svg/45px-Flag_of_Spain.svg.png 2x"" width=""23""/></a></span> <a href=""/wiki/Spain"" title=""Spain"">Spain</a>
</td>","<td><a href=""/wiki/Morral_affair"" title=""Morral affair"">Morral affair</a>. 24 people were killed when terrorist bombed the Royal Couple, <a class=""mw-redirect"" href=""/wiki/Alfonso_XIII_of_Spain"" title=""Alfonso XIII of Spain"">Alfonso XIII of Spain</a> and <a href=""/wiki/Victoria_Eugenie_of_Battenberg"" title=""Victoria Eugenie of Battenberg"">Victoria Eugenie</a>, on their wedding day.
</td>","<td>Mateo del Morral
</td>","<td>
</td>"
7,"<td><span data-sort-value=""000000001906-08-25-0000"" style=""white-space:nowrap"">August 25, 1906</span>
</td>","<td>Bombing
</td>","<td>28
</td>","<td>Several
</td>","<td><span class=""flagicon""><a href=""/wiki/Russian_Empire"" title=""Russian Empire""><img alt=""Russian Empire"" class=""thumbborder"" data-file-height=""600"" data-file-width=""900"" decoding=""async"" height=""15"" src=""//upload.wikimedia.org/wikipedia/commons/thumb/f/f3/Flag_of_Russia.svg/23px-Flag_of_Russia.svg.png"" srcset=""//upload.wikimedia.org/wikipedia/commons/thumb/f/f3/Flag_of_Russia.svg/35px-Flag_of_Russia.svg.png 1.5x, //upload.wikimedia.org/wikipedia/commons/thumb/f/f3/Flag_of_Russia.svg/45px-Flag_of_Russia.svg.png 2x"" width=""23""/></a></span> <a href=""/wiki/Aptekarsky_Island"" title=""Aptekarsky Island"">Aptekarsky Island</a>, <a href=""/wiki/Russia"" title=""Russia"">Russia</a>
</td>","<td>28 people were killed when three terrorists bombed a reception in an attempt to assassinate <a href=""/wiki/Pyotr_Stolypin"" title=""Pyotr Stolypin"">Pyotr Stolypin</a>.
</td>","<td><a class=""mw-redirect"" href=""/wiki/Union_of_Socialists_Revolutionaries_Maximalists"" title=""Union of Socialists Revolutionaries Maximalists"">Union of Socialists Revolutionaries Maximalists</a>
</td>","<td>
</td>"
8,"<td><span data-sort-value=""000000001908-07-11-0000"" style=""white-space:nowrap"">July 11</span>-12 July 1908
</td>","<td>Bombing
</td>","<td>1
</td>","<td>23
</td>","<td><span class=""flagicon""><a href=""/wiki/Sweden"" title=""Sweden""><img alt=""Sweden"" class=""thumbborder"" data-file-height=""1000"" data-file-width=""1600"" decoding=""async"" height=""14"" src=""//upload.wikimedia.org/wikipedia/en/thumb/4/4c/Flag_of_Sweden.svg/23px-Flag_of_Sweden.svg.png"" srcset=""//upload.wikimedia.org/wikipedia/en/thumb/4/4c/Flag_of_Sweden.svg/35px-Flag_of_Sweden.svg.png 1.5x, //upload.wikimedia.org/wikipedia/en/thumb/4/4c/Flag_of_Sweden.svg/46px-Flag_of_Sweden.svg.png 2x"" width=""23""/></a></span> <a href=""/wiki/Malm%C3%B6"" title=""Malmö"">Malmö</a>, <a href=""/wiki/Sweden"" title=""Sweden"">Sweden</a>
</td>","<td>Night between 11 and 12 July: <a href=""/wiki/Anton_Nilson#Amalthea_bombing"" title=""Anton Nilson"">Bombing of the boat <i>Amalthea</i></a> where <a href=""/wiki/United_Kingdom_of_Great_Britain_and_Ireland"" title=""United Kingdom of Great Britain and Ireland"">British</a> strikebreakers lived by <a class=""mw-redirect"" href=""/wiki/Anton_Nilsson"" title=""Anton Nilsson"">Anton Nilsson</a> One was killed and 23 wounded.
</td>","<td><a class=""mw-redirect"" href=""/wiki/Anton_Nilsson"" title=""Anton Nilsson"">Anton Nilsson</a>
</td>","<td>
</td>"
9,"<td><span data-sort-value=""000000001910-10-01-0000"" style=""white-space:nowrap"">October 1, 1910</span>
</td>","<td>Bombing
</td>","<td>21
</td>","<td>105+
</td>","<td><span class=""flagicon""><a href=""/wiki/United_States"" title=""United States""><img alt=""United States"" class=""thumbborder"" data-file-height=""650"" data-file-width=""1235"" decoding=""async"" height=""12"" src=""//upload.wikimedia.org/wikipedia/commons/thumb/c/c2/Flag_of_the_United_States_%281908%E2%80%931912%29.svg/23px-Flag_of_the_United_States_%281908%E2%80%931912%29.svg.png"" srcset=""//upload.wikimedia.org/wikipedia/commons/thumb/c/c2/Flag_of_the_United_States_%281908%E2%80%931912%29.svg/35px-Flag_of_the_United_States_%281908%E2%80%931912%29.svg.png 1.5x, //upload.wikimedia.org/wikipedia/commons/thumb/c/c2/Flag_of_the_United_States_%281908%E2%80%931912%29.svg/46px-Flag_of_the_United_States_%281908%E2%80%931912%29.svg.png 2x"" width=""23""/></a></span> <a href=""/wiki/Los_Angeles"" title=""Los Angeles"">Los Angeles</a>, <a href=""/wiki/United_States"" title=""United States"">United States</a>
</td>","<td><a href=""/wiki/Los_Angeles_Times_bombing"" title=""Los Angeles Times bombing"">Los Angeles Times bombing</a> killed 21 people and wounded over 100 others.
</td>","<td><a class=""mw-redirect"" href=""/wiki/Lone_wolf_(terrorism)"" title=""Lone wolf (terrorism)"">Lone wolf (terrorism)</a>
</td>","<td>
</td>"
10,"<td><span data-sort-value=""000000001911-09-14-0000"" style=""white-space:nowrap"">September 14, 1911</span>
</td>","<td>Shooting
</td>","<td>1
</td>","<td>0
</td>","<td><span class=""flagicon""><a href=""/wiki/Russian_Empire"" title=""Russian Empire""><img alt=""Russian Empire"" class=""thumbborder"" data-file-height=""600"" data-file-width=""900"" decoding=""async"" height=""15"" src=""//upload.wikimedia.org/wikipedia/commons/thumb/f/f3/Flag_of_Russia.svg/23px-Flag_of_Russia.svg.png"" srcset=""//upload.wikimedia.org/wikipedia/commons/thumb/f/f3/Flag_of_Russia.svg/35px-Flag_of_Russia.svg.png 1.5x, //upload.wikimedia.org/wikipedia/commons/thumb/f/f3/Flag_of_Russia.svg/45px-Flag_of_Russia.svg.png 2x"" width=""23""/></a></span> <a class=""mw-redirect"" href=""/wiki/Kiev"" title=""Kiev"">Kiev</a>, <a href=""/wiki/Russia"" title=""Russia"">Russia</a>
</td>","<td>Assassination of <a href=""/wiki/Pyotr_Stolypin"" title=""Pyotr Stolypin"">Pyotyr Stolypin</a>, Russian Prime Minister.
</td>","<td><a class=""mw-redirect"" href=""/wiki/Dmitri_Bogrov"" title=""Dmitri Bogrov"">Dmitri Bogrov</a>
</td>","<td>
</td>"
11,"<td><span data-sort-value=""000000001912-01-01-0000"" style=""white-space:nowrap"">1912</span>-1914
</td>","<td>Various
</td>","<td>2 (+2)
</td>","<td>27+ (+1)
</td>","<td><span class=""flagicon""><a href=""/wiki/United_Kingdom"" title=""United Kingdom""><img alt=""United Kingdom"" class=""thumbborder"" data-file-height=""600"" data-file-width=""1200"" decoding=""async"" height=""12"" src=""//upload.wikimedia.org/wikipedia/en/thumb/a/ae/Flag_of_the_United_Kingdom.svg/23px-Flag_of_the_United_Kingdom.svg.png"" srcset=""//upload.wikimedia.org/wikipedia/en/thumb/a/ae/Flag_of_the_United_Kingdom.svg/35px-Flag_of_the_United_Kingdom.svg.png 1.5x, //upload.wikimedia.org/wikipedia/en/thumb/a/ae/Flag_of_the_United_Kingdom.svg/46px-Flag_of_the_United_Kingdom.svg.png 2x"" width=""23""/></a></span> <a href=""/wiki/United_Kingdom"" title=""United Kingdom"">United Kingdom</a>
</td>","<td><a href=""/wiki/Women%27s_Social_and_Political_Union#Campaigning_becomes_more_militant"" title=""Women's Social and Political Union"">Protest campaign</a> by militant <a href=""/wiki/Suffragette"" title=""Suffragette"">suffragettes</a> campaigning for women's right to vote, including acts of disruption and violence aimed at property and the public. Also included a possible second suffragette assassination attempt on the <a href=""/wiki/Prime_Minister_of_the_United_Kingdom"" title=""Prime Minister of the United Kingdom"">Prime Minister</a>, <a href=""/wiki/H._H._Asquith"" title=""H. H. Asquith"">H. H. Asquith</a>.<sup class=""reference"" id=""cite_ref-7""><a href=""#cite_note-7"">[7]</a></sup>
</td>","<td><a href=""/wiki/Women%27s_Social_and_Political_Union"" title=""Women's Social and Political Union"">Women's Social and Political Union</a>
</td>","<td>
</td>"
12,"<td><span data-sort-value=""000000001914-06-28-0000"" style=""white-space:nowrap"">June 28, 1914</span>
</td>","<td>Shooting
</td>","<td>2
</td>","<td>1
</td>","<td><span class=""flagicon""><a href=""/wiki/Austria-Hungary"" title=""Austria-Hungary""><img alt=""Austria-Hungary"" class=""thumbborder"" data-file-height=""432"" data-file-width=""648"" decoding=""async"" height=""15"" src=""//upload.wikimedia.org/wikipedia/commons/thumb/2/29/Flag_of_Austria-Hungary_%281869-1918%29.svg/23px-Flag_of_Austria-Hungary_%281869-1918%29.svg.png"" srcset=""//upload.wikimedia.org/wikipedia/commons/thumb/2/29/Flag_of_Austria-Hungary_%281869-1918%29.svg/35px-Flag_of_Austria-Hungary_%281869-1918%29.svg.png 1.5x, //upload.wikimedia.org/wikipedia/commons/thumb/2/29/Flag_of_Austria-Hungary_%281869-1918%29.svg/45px-Flag_of_Austria-Hungary_%281869-1918%29.svg.png 2x"" width=""23""/></a></span> <a href=""/wiki/Sarajevo"" title=""Sarajevo"">Sarajevo</a>, <a href=""/wiki/Austria-Hungary"" title=""Austria-Hungary"">Austria-Hungary</a>
</td>","<td>Assassination of Archduke <a href=""/wiki/Archduke_Franz_Ferdinand_of_Austria"" title=""Archduke Franz Ferdinand of Austria"">Franz Ferdinand</a> heir to the Austro-Hungarian throne.
</td>","<td><a href=""/wiki/Gavrilo_Princip"" title=""Gavrilo Princip"">Gavrilo Princip</a>
</td>","<td>
</td>"
13,"<td><span data-sort-value=""000000001916-07-22-0000"" style=""white-space:nowrap"">July 22, 1916</span>
</td>","<td>Bombing
</td>","<td>10
</td>","<td>40
</td>","<td><span class=""flagicon""><a href=""/wiki/United_States"" title=""United States""><img alt=""United States"" class=""thumbborder"" data-file-height=""650"" data-file-width=""1235"" decoding=""async"" height=""12"" src=""//upload.wikimedia.org/wikipedia/commons/thumb/f/f5/Flag_of_the_United_States_%281912-1959%29.svg/23px-Flag_of_the_United_States_%281912-1959%29.svg.png"" srcset=""//upload.wikimedia.org/wikipedia/commons/thumb/f/f5/Flag_of_the_United_States_%281912-1959%29.svg/35px-Flag_of_the_United_States_%281912-1959%29.svg.png 1.5x, //upload.wikimedia.org/wikipedia/commons/thumb/f/f5/Flag_of_the_United_States_%281912-1959%29.svg/46px-Flag_of_the_United_States_%281912-1959%29.svg.png 2x"" width=""23""/></a></span> <a href=""/wiki/San_Francisco"" title=""San Francisco"">San Francisco</a>, <a href=""/wiki/United_States"" title=""United States"">United States</a>
</td>","<td><a href=""/wiki/Preparedness_Day_Bombing"" title=""Preparedness Day Bombing"">Preparedness Day Bombing</a> was a bombing in San Francisco, <a href=""/wiki/California"" title=""California"">California</a> on 22 July 1916, when the city held a parade in anticipation of the <a href=""/wiki/American_entry_into_World_War_I"" title=""American entry into World War I"">United States' entry into World War I</a>. During the parade, a suitcase bomb was detonated, killing ten and wounding forty.
</td>","<td><a class=""mw-redirect"" href=""/wiki/Galleanist"" title=""Galleanist"">Galleanist</a> <a class=""mw-redirect"" href=""/wiki/Anarchists"" title=""Anarchists"">Anarchists</a> (suspected)
</td>","<td>
</td>"
14,"<td><span data-sort-value=""000000001916-07-30-0000"" style=""white-space:nowrap"">July 30, 1916</span>
</td>","<td>Bombing
</td>","<td>4
</td>","<td>Hundreds
</td>","<td><span class=""flagicon""><a href=""/wiki/United_States"" title=""United States""><img alt=""United States"" class=""thumbborder"" data-file-height=""650"" data-file-width=""1235"" decoding=""async"" height=""12"" src=""//upload.wikimedia.org/wikipedia/en/thumb/a/a4/Flag_of_the_United_States.svg/23px-Flag_of_the_United_States.svg.png"" srcset=""//upload.wikimedia.org/wikipedia/en/thumb/a/a4/Flag_of_the_United_States.svg/35px-Flag_of_the_United_States.svg.png 1.5x, //upload.wikimedia.org/wikipedia/en/thumb/a/a4/Flag_of_the_United_States.svg/46px-Flag_of_the_United_States.svg.png 2x"" width=""23""/></a></span> <a class=""mw-redirect"" href=""/wiki/Jersey_City"" title=""Jersey City"">Jersey City</a>, <a href=""/wiki/United_States"" title=""United States"">United States</a>
</td>","<td><a href=""/wiki/Black_Tom_explosion"" title=""Black Tom explosion"">Black Tom explosion</a> was a planned detonation of a munitions factory at <a class=""mw-redirect"" href=""/wiki/Black_Tom_Island"" title=""Black Tom Island"">Black Tom Island</a> in the neutral United States by <a href=""/wiki/German_Empire"" title=""German Empire"">Imperial German</a> Agents that killed four and injured hundreds, as well as causing millions of dollars in damages.
</td>","<td><a class=""mw-redirect"" href=""/wiki/Imperial_Germany"" title=""Imperial Germany"">Imperial German</a> Agents
</td>","<td>
</td>"
15,"<td><span data-sort-value=""000000001920-09-16-0000"" style=""white-space:nowrap"">September 16, 1920</span>
</td>","<td>Bombing
</td>","<td>38
</td>","<td>300
</td>","<td><span class=""flagicon""><a href=""/wiki/United_States"" title=""United States""><img alt=""United States"" class=""thumbborder"" data-file-height=""650"" data-file-width=""1235"" decoding=""async"" height=""12"" src=""//upload.wikimedia.org/wikipedia/commons/thumb/f/f5/Flag_of_the_United_States_%281912-1959%29.svg/23px-Flag_of_the_United_States_%281912-1959%29.svg.png"" srcset=""//upload.wikimedia.org/wikipedia/commons/thumb/f/f5/Flag_of_the_United_States_%281912-1959%29.svg/35px-Flag_of_the_United_States_%281912-1959%29.svg.png 1.5x, //upload.wikimedia.org/wikipedia/commons/thumb/f/f5/Flag_of_the_United_States_%281912-1959%29.svg/46px-Flag_of_the_United_States_%281912-1959%29.svg.png 2x"" width=""23""/></a></span> <a href=""/wiki/New_York_City"" title=""New York City"">New York City</a>, <a href=""/wiki/United_States"" title=""United States"">United States</a>
</td>","<td><a href=""/wiki/Wall_Street_bombing"" title=""Wall Street bombing"">Wall Street bombing</a> killed 38 people and wounded 300 others.<sup class=""reference"" id=""cite_ref-8""><a href=""#cite_note-8"">[8]</a></sup>
</td>","<td><a class=""mw-redirect"" href=""/wiki/Galleanist"" title=""Galleanist"">Galleanist</a> <a class=""mw-redirect"" href=""/wiki/Anarchists"" title=""Anarchists"">Anarchists</a> (suspected)
</td>","<td><a href=""/wiki/Red_Scare"" title=""Red Scare"">Red Scare</a>
</td>"
16,"<td><span data-sort-value=""000000001920-10-14-0000"" style=""white-space:nowrap"">October 14, 1920</span>
</td>","<td>Bombings
</td>","<td>1
</td>","<td>10
</td>","<td><span class=""flagicon""><a href=""/wiki/Italy"" title=""Italy""><img alt=""Italy"" class=""thumbborder"" data-file-height=""1000"" data-file-width=""1500"" decoding=""async"" height=""15"" src=""//upload.wikimedia.org/wikipedia/en/thumb/0/03/Flag_of_Italy.svg/23px-Flag_of_Italy.svg.png"" srcset=""//upload.wikimedia.org/wikipedia/en/thumb/0/03/Flag_of_Italy.svg/35px-Flag_of_Italy.svg.png 1.5x, //upload.wikimedia.org/wikipedia/en/thumb/0/03/Flag_of_Italy.svg/45px-Flag_of_Italy.svg.png 2x"" width=""23""/></a></span> <a href=""/wiki/Trieste"" title=""Trieste"">Trieste</a>, <a href=""/wiki/Italy"" title=""Italy"">Italy</a>
</td>","<td>In Trieste, nationalists threw six bombs at the editorial office of a Socialist newspaper, resulting in one death and ten injuries.<sup class=""reference"" id=""cite_ref-italy_9-0""><a href=""#cite_note-italy-9"">[9]</a></sup>
</td>","<td><a href=""/wiki/Italy"" title=""Italy"">Italian</a> <a class=""mw-redirect"" href=""/wiki/Nationalists"" title=""Nationalists"">Nationalists</a>
</td>","<td>
</td>"
17,"<td><span data-sort-value=""000000001920-10-15-0000"" style=""white-space:nowrap"">October 15, 1920</span>
</td>","<td>Bombings
</td>","<td>0
</td>","<td>2
</td>","<td><span class=""flagicon""><a href=""/wiki/Italy"" title=""Italy""><img alt=""Italy"" class=""thumbborder"" data-file-height=""1000"" data-file-width=""1500"" decoding=""async"" height=""15"" src=""//upload.wikimedia.org/wikipedia/en/thumb/0/03/Flag_of_Italy.svg/23px-Flag_of_Italy.svg.png"" srcset=""//upload.wikimedia.org/wikipedia/en/thumb/0/03/Flag_of_Italy.svg/35px-Flag_of_Italy.svg.png 1.5x, //upload.wikimedia.org/wikipedia/en/thumb/0/03/Flag_of_Italy.svg/45px-Flag_of_Italy.svg.png 2x"" width=""23""/></a></span> <a href=""/wiki/Milan"" title=""Milan"">Milan</a>, <a href=""/wiki/Italy"" title=""Italy"">Italy</a>
</td>","<td>In Milan, anarchists were responsible for throwing two bombs at a hotel holding a <a href=""/wiki/United_Kingdom_of_Great_Britain_and_Ireland"" title=""United Kingdom of Great Britain and Ireland"">British</a> delegation attending the Milan International Conference; there were two injuries.<sup class=""reference"" id=""cite_ref-italy_9-1""><a href=""#cite_note-italy-9"">[9]</a></sup>
</td>","<td><a class=""mw-redirect"" href=""/wiki/Anarchists"" title=""Anarchists"">Anarchists</a>
</td>","<td>
</td>"
18,"<td><span data-sort-value=""000000001920-12-08-0000"" style=""white-space:nowrap"">December 8, 1920</span>
</td>","<td>Bombing
</td>","<td>3
</td>","<td>3
</td>","<td><span class=""flagicon""><a href=""/wiki/Romania"" title=""Romania""><img alt=""Romania"" class=""thumbborder"" data-file-height=""400"" data-file-width=""600"" decoding=""async"" height=""15"" src=""//upload.wikimedia.org/wikipedia/commons/thumb/7/73/Flag_of_Romania.svg/23px-Flag_of_Romania.svg.png"" srcset=""//upload.wikimedia.org/wikipedia/commons/thumb/7/73/Flag_of_Romania.svg/35px-Flag_of_Romania.svg.png 1.5x, //upload.wikimedia.org/wikipedia/commons/thumb/7/73/Flag_of_Romania.svg/45px-Flag_of_Romania.svg.png 2x"" width=""23""/></a></span> <a href=""/wiki/Bucharest"" title=""Bucharest"">Bucharest</a>, <a href=""/wiki/Romania"" title=""Romania"">Romania</a>
</td>","<td>A bomb placed by a left-wing terrorist group <a class=""extiw"" href=""https://ro.wikipedia.org/wiki/Atentatul_din_Senatul_Rom%C3%A2niei_din_1920"" title=""ro:Atentatul din Senatul României din 1920"">blows up</a> in the <a href=""/wiki/Senate_of_Romania"" title=""Senate of Romania"">Romanian Senate</a>, killing the Minister of Justice and two other senators. Likewise, President of the Senate and two Orthodox bishops were severely injured.
</td>","<td><a href=""/wiki/Max_Goldstein"" title=""Max Goldstein"">Max Goldstein</a>, <a href=""/wiki/Leon_Lichtblau"" title=""Leon Lichtblau"">Leon Lichtblau</a> and Saul Ozias
</td>","<td>
</td>"
19,"<td><span data-sort-value=""000000001921-05-31-0000"" style=""white-space:nowrap"">May 31, 1921</span>
</td>","<td>Riot
</td>","<td>39-300
</td>","<td>800+
</td>","<td><span class=""flagicon""><a href=""/wiki/United_States"" title=""United States""><img alt=""United States"" class=""thumbborder"" data-file-height=""650"" data-file-width=""1235"" decoding=""async"" height=""12"" src=""//upload.wikimedia.org/wikipedia/commons/thumb/f/f5/Flag_of_the_United_States_%281912-1959%29.svg/23px-Flag_of_the_United_States_%281912-1959%29.svg.png"" srcset=""//upload.wikimedia.org/wikipedia/commons/thumb/f/f5/Flag_of_the_United_States_%281912-1959%29.svg/35px-Flag_of_the_United_States_%281912-1959%29.svg.png 1.5x, //upload.wikimedia.org/wikipedia/commons/thumb/f/f5/Flag_of_the_United_States_%281912-1959%29.svg/46px-Flag_of_the_United_States_%281912-1959%29.svg.png 2x"" width=""23""/></a></span> <a class=""mw-redirect"" href=""/wiki/Tulsa"" title=""Tulsa"">Tulsa</a>, <a href=""/wiki/United_States"" title=""United States"">United States</a>
</td>","<td>The <a class=""mw-redirect"" href=""/wiki/Tulsa_race_riot"" title=""Tulsa race riot"">Tulsa race riot</a> killed at least 39 people and injured over 800.<sup class=""reference"" id=""cite_ref-Sarat2009_10-0""><a href=""#cite_note-Sarat2009-10"">[10]</a></sup>
</td>","<td><a href=""/wiki/Ku_Klux_Klan"" title=""Ku Klux Klan"">Ku Klux Klan</a>
</td>","<td>
</td>"
20,"<td><span data-sort-value=""000000001921-12-13-0000"" style=""white-space:nowrap"">December 13, 1921</span>
</td>","<td>Bombing
</td>","<td>100
</td>","<td>
</td>","<td><span class=""flagicon""><a href=""/wiki/Romania"" title=""Romania""><img alt=""Romania"" class=""thumbborder"" data-file-height=""400"" data-file-width=""600"" decoding=""async"" height=""15"" src=""//upload.wikimedia.org/wikipedia/commons/thumb/7/73/Flag_of_Romania.svg/23px-Flag_of_Romania.svg.png"" srcset=""//upload.wikimedia.org/wikipedia/commons/thumb/7/73/Flag_of_Romania.svg/35px-Flag_of_Romania.svg.png 1.5x, //upload.wikimedia.org/wikipedia/commons/thumb/7/73/Flag_of_Romania.svg/45px-Flag_of_Romania.svg.png 2x"" width=""23""/></a></span> <a class=""mw-redirect"" href=""/wiki/Bolgrad"" title=""Bolgrad"">Bolgrad</a>, <a href=""/wiki/Romania"" title=""Romania"">Romania</a>
</td>","<td>The <a href=""/wiki/Bolgrad_palace_bombing"" title=""Bolgrad palace bombing"">Bolgrad palace bombing</a> occurred when a bomb thrown by <a href=""/wiki/Bessarabia"" title=""Bessarabia"">Bessarabian separatists</a> at the <a class=""mw-redirect"" href=""/wiki/Bolgrad"" title=""Bolgrad"">Bolgrad</a> palace, killed 100 soldiers and police officers.<sup class=""reference"" id=""cite_ref-11""><a href=""#cite_note-11"">[11]</a></sup>
</td>","<td><a href=""/wiki/Bessarabia"" title=""Bessarabia"">Bessarabian separatists</a>
</td>","<td><a href=""/wiki/Union_of_Bessarabia_with_Romania"" title=""Union of Bessarabia with Romania"">Union of Bessarabia with Romania</a>
</td>"
21,"<td><span data-sort-value=""000000001923-10-31-0000"" style=""white-space:nowrap"">October 31, 1923</span>
</td>","<td>Shooting
</td>","<td>1
</td>","<td>1
</td>","<td><span class=""flagicon""><a href=""/wiki/Irish_Free_State"" title=""Irish Free State""><img alt=""Irish Free State"" class=""thumbborder"" data-file-height=""600"" data-file-width=""1200"" decoding=""async"" height=""12"" src=""//upload.wikimedia.org/wikipedia/commons/thumb/4/45/Flag_of_Ireland.svg/23px-Flag_of_Ireland.svg.png"" srcset=""//upload.wikimedia.org/wikipedia/commons/thumb/4/45/Flag_of_Ireland.svg/35px-Flag_of_Ireland.svg.png 1.5x, //upload.wikimedia.org/wikipedia/commons/thumb/4/45/Flag_of_Ireland.svg/46px-Flag_of_Ireland.svg.png 2x"" width=""23""/></a></span> <a href=""/wiki/Dublin"" title=""Dublin"">Dublin</a>, <a href=""/wiki/Irish_Free_State"" title=""Irish Free State"">Irish Free State</a>
</td>","<td><a href=""/wiki/Far-right_politics"" title=""Far-right politics"">Far-right</a> extremists shot two <a href=""/wiki/Judaism"" title=""Judaism"">Jewish</a> men as they walked across <a href=""/wiki/St_Stephen%27s_Green"" title=""St Stephen's Green"">St. Stephen's Green</a> in <a href=""/wiki/Dublin"" title=""Dublin"">Dublin</a>. One of the men was killed.<sup class=""reference"" id=""cite_ref-Reactionary_murders_in_Ireland_12-0""><a href=""#cite_note-Reactionary_murders_in_Ireland-12"">[12]</a></sup>
</td>","<td><a class=""mw-redirect"" href=""/wiki/Far-right"" title=""Far-right"">Far-right</a> extremists
</td>","<td>
</td>"
22,"<td><span data-sort-value=""000000001925-04-16-0000"" style=""white-space:nowrap"">April 16, 1925</span>
</td>","<td>Bombing
</td>","<td>150
</td>","<td>~500
</td>","<td><span class=""flagicon""><a href=""/wiki/Bulgaria"" title=""Bulgaria""><img alt=""Bulgaria"" class=""thumbborder"" data-file-height=""600"" data-file-width=""1000"" decoding=""async"" height=""14"" src=""//upload.wikimedia.org/wikipedia/commons/thumb/9/9a/Flag_of_Bulgaria.svg/23px-Flag_of_Bulgaria.svg.png"" srcset=""//upload.wikimedia.org/wikipedia/commons/thumb/9/9a/Flag_of_Bulgaria.svg/35px-Flag_of_Bulgaria.svg.png 1.5x, //upload.wikimedia.org/wikipedia/commons/thumb/9/9a/Flag_of_Bulgaria.svg/46px-Flag_of_Bulgaria.svg.png 2x"" width=""23""/></a></span> <a href=""/wiki/Sofia"" title=""Sofia"">Sofia</a>, <a href=""/wiki/Bulgaria"" title=""Bulgaria"">Bulgaria</a>
</td>","<td><a href=""/wiki/St_Nedelya_Church_assault"" title=""St Nedelya Church assault"">St Nedelya Church assault</a> – The <a href=""/wiki/Bulgarian_Communist_Party"" title=""Bulgarian Communist Party"">Bulgarian Communist Party</a> (BCP) blew up the church's roof during the funeral service of General Konstantin Georgiev, who had been killed in a previous Communist assault on 14 April. 150 people, mainly from the country's political and military elite, were killed in the attack and around 500 were injured.<sup class=""reference"" id=""cite_ref-13""><a href=""#cite_note-13"">[13]</a></sup>
</td>","<td><a href=""/wiki/Bulgarian_Communist_Party"" title=""Bulgarian Communist Party"">Bulgarian Communist Party</a>
</td>","<td>
</td>"
